{"train_loss": [5.3182742211126515, 4.340224173761183, 3.989498822919784, 3.683249150553057, 3.3996732081136396, 3.0626248236625426, 2.8428367107145247, 2.547886367767088, 2.2938087255724016, 1.9764510008596605, 1.6737547651413949, 1.3045535837450335, 1.1047830562437735, 0.9164734790402074, 0.7313599365372812, 0.5604065329797806, 0.45382399520566385, 0.3742078826312096, 0.2861942297989322, 0.253348752375572, 0.23345480090187443, 0.17803732690311247, 0.14669957600774303, 0.15282825993434077, 0.12845637493075862, 0.13017334536679329, 0.1258710022535055, 0.12233048833666309, 0.1500105855445708, 0.12319370587506602, 0.08323751840620272, 0.059659934392379176, 0.03900312887684953, 0.043652106647289565, 0.048436725722445596, 0.037596402419430595, 0.03832141751603734, 0.021197809221883936, 0.021257035381671403, 0.024322029128069838, 0.019143465095229687, 0.01909132177130349, 0.01950857351203599, 0.02419974687208812, 0.01706836636238281, 0.01612802324516158, 0.023578746567269968, 0.022339956016249714, 0.0193747527401654, 0.02017513667083075, 0.017782341989298022, 0.021222715972051505, 0.016572258375104395, 0.013937078972136783, 0.015324915736733426, 0.01977157361444927, 0.020992982749556823, 0.018117872675159765, 0.020995753359109644, 0.016426227806556608, 0.017998534720391035, 0.017692895140498877, 0.019373469610488223, 0.014329146653894455, 0.018339837878762234, 0.01512287044146609, 0.01645660774421788, 0.014485095124391298, 0.01638228878108484, 0.015505059772441465, 0.018478850060473045, 0.012853950239537705, 0.01230443577702728, 0.015878988963161266, 0.016453299611326185, 0.02578688383613142, 0.02088146403642191, 0.014803195575011833, 0.018347927173900026, 0.015833614619388696], "val_loss": [4.88275671005249, 4.52505823969841, 4.601645529270172, 4.064112722873688, 4.012108594179153, 3.8812367022037506, 3.773165702819824, 3.8307109475135803, 3.504288822412491, 3.4641534090042114, 3.3576327562332153, 3.2363221347332, 3.2910441756248474, 3.104562997817993, 3.19460666179657, 3.028831899166107, 3.043921619653702, 3.10666486620903, 3.053717792034149, 2.888261139392853, 2.948816493153572, 2.9904035329818726, 3.003923237323761, 2.8173941671848297, 3.0670401453971863, 3.140432059764862, 3.089218556880951, 3.1096088886260986, 3.2098992317914963, 2.9979362189769745, 2.9096401631832123, 2.903939440846443, 2.913349285721779, 2.9417629688978195, 2.930354878306389, 2.9482171088457108, 2.8946296870708466, 2.8924008309841156, 2.8921021968126297, 2.9160836786031723, 2.9351671040058136, 2.896046683192253, 2.888642817735672, 2.8811768293380737, 2.8916100412607193, 2.876855492591858, 2.906695157289505, 2.9025252610445023, 2.8870702385902405, 2.899492710828781, 2.9033741652965546, 2.895048350095749, 2.8911955058574677, 2.876853287220001, 2.915261209011078, 2.8921646177768707, 2.897703379392624, 2.90706142783165, 2.9128603637218475, 2.8986809700727463, 2.9264653027057648, 2.9205863028764725, 2.903030037879944, 2.8939849734306335, 2.9246804267168045, 2.9042437076568604, 2.9184257984161377, 2.9109260886907578, 2.9055394530296326, 2.905513644218445, 2.901635453104973, 2.899440258741379, 2.9224641025066376, 2.8939032554626465, 2.9118984639644623, 2.9070540070533752, 2.920858308672905, 2.9141218215227127, 2.8989231884479523, 2.91925385594368], "train_top1": [1.2096774193548387, 6.048387096774194, 10.181451612903226, 13.205645161290322, 19.35483870967742, 24.294354838709676, 28.125, 34.375, 41.935483870967744, 49.79838709677419, 56.149193548387096, 67.84274193548387, 73.68951612903226, 79.43548387096774, 83.16532258064517, 89.11290322580645, 91.02822580645162, 92.94354838709677, 94.75806451612904, 96.37096774193549, 96.27016129032258, 96.875, 97.27822580645162, 97.07661290322581, 97.37903225806451, 97.88306451612904, 98.18548387096774, 97.58064516129032, 97.37903225806451, 97.88306451612904, 98.68951612903226, 99.09274193548387, 99.39516129032258, 99.19354838709677, 99.29435483870968, 99.29435483870968, 99.09274193548387, 99.49596774193549, 99.49596774193549, 99.59677419354838, 99.59677419354838, 99.39516129032258, 99.49596774193549, 99.59677419354838, 99.59677419354838, 99.79838709677419, 99.49596774193549, 99.29435483870968, 99.59677419354838, 99.59677419354838, 99.49596774193549, 99.49596774193549, 99.79838709677419, 99.49596774193549, 99.79838709677419, 99.19354838709677, 99.19354838709677, 99.6975806451613, 99.39516129032258, 99.49596774193549, 99.59677419354838, 99.39516129032258, 99.39516129032258, 99.6975806451613, 99.29435483870968, 99.59677419354838, 99.49596774193549, 99.6975806451613, 99.49596774193549, 99.59677419354838, 99.29435483870968, 99.6975806451613, 99.8991935483871, 99.6975806451613, 99.59677419354838, 99.39516129032258, 99.39516129032258, 99.59677419354838, 99.6975806451613, 99.59677419354838], "train_top5": [6.55241935483871, 19.052419354838708, 27.116935483870968, 37.600806451612904, 44.354838709677416, 53.83064516129032, 61.693548387096776, 68.95161290322581, 74.79838709677419, 80.74596774193549, 88.30645161290323, 93.75, 95.26209677419355, 97.27822580645162, 98.68951612903226, 98.48790322580645, 99.39516129032258, 99.59677419354838, 99.6975806451613, 99.6975806451613, 99.59677419354838, 99.8991935483871, 99.8991935483871, 100.0, 100.0, 99.79838709677419, 99.8991935483871, 99.79838709677419, 99.59677419354838, 100.0, 100.0, 100.0, 100.0, 100.0, 99.8991935483871, 100.0, 100.0, 100.0, 100.0, 100.0, 100.0, 100.0, 100.0, 100.0, 100.0, 100.0, 100.0, 100.0, 100.0, 100.0, 100.0, 100.0, 100.0, 100.0, 100.0, 100.0, 100.0, 100.0, 100.0, 100.0, 100.0, 100.0, 100.0, 100.0, 100.0, 100.0, 100.0, 100.0, 100.0, 100.0, 100.0, 100.0, 100.0, 100.0, 100.0, 100.0, 100.0, 100.0, 100.0, 100.0], "train_top10": [12.701612903225806, 31.955645161290324, 41.12903225806452, 53.125, 60.181451612903224, 69.65725806451613, 77.31854838709677, 83.56854838709677, 88.20564516129032, 91.73387096774194, 95.16129032258064, 97.27822580645162, 98.79032258064517, 99.39516129032258, 99.8991935483871, 99.8991935483871, 99.8991935483871, 99.8991935483871, 100.0, 100.0, 99.8991935483871, 100.0, 100.0, 100.0, 100.0, 99.8991935483871, 100.0, 99.8991935483871, 99.6975806451613, 100.0, 100.0, 100.0, 100.0, 100.0, 100.0, 100.0, 100.0, 100.0, 100.0, 100.0, 100.0, 100.0, 100.0, 100.0, 100.0, 100.0, 100.0, 100.0, 100.0, 100.0, 100.0, 100.0, 100.0, 100.0, 100.0, 100.0, 100.0, 100.0, 100.0, 100.0, 100.0, 100.0, 100.0, 100.0, 100.0, 100.0, 100.0, 100.0, 100.0, 100.0, 100.0, 100.0, 100.0, 100.0, 100.0, 100.0, 100.0, 100.0, 100.0, 100.0],